ppt_id,sex,age,employment_status,annual_income,birth_country,iq,ig_followers,twitter_followers,history_curiosity,mental_age,gender_stereotype_beliefs,fashionista_score,barbie_rating,oppenheimer_rating
LDQ53,male,68,full_time,22021,Ireland,113,2899,91,4,70,3,3,2,2
DXX41,female,58,unemployed,71123,Costa Rica,95,614,310,6,37,3,8,2,2
QOK02,male,56,student,43080,Germany,85,709,1358,4,21,4,3,2,3
MUY49,female,19,part_time,48922,India,107,2431,2264,6,80,5,3,3,5
NXS28,male,71,full_time,81349,Netherlands,73,2309,82,4,72,2,9,5,2
UXO81,female,42,full_time,82842,Poland,94,2090,227,2,22,2,10,1,3
JZL64,female,20,part_time,121056,Norway,100,1987,3490,6,70,4,6,5,2
XPF61,male,42,unemployed,50114,United Kingdom,83,2569,543,2,68,4,8,2,4
QWV20,male,60,self_employed,50156,Netherlands,91,465,1220,4,84,4,4,4,2
QQD51,male,21,unemployed,116710,Indonesia,107,520,2956,6,51,4,8,4,3
TKF86,female,74,full_time,38163,Spain,115,809,3308,5,80,4,8,3,4
XPR07,male,53,student,38195,Philippines,100,297,2742,7,69,5,2,2,1
TOI58,female,26,student,60862,Ukraine,103,2179,2813,3,79,5,8,3,4
YWC34,male,55,full_time,104094,Chile,111,371,93,4,24,2,2,4,3
HUN34,male,61,student,67365,Ukraine,102,233,3399,4,29,3,10,1,3
YBO08,male,45,student,31374,Norway,102,85,1206,7,32,5,8,5,3
WGL23,male,44,unemployed,107914,Costa Rica,107,1929,3547,5,54,5,2,2,3
YOW34,male,20,student,23715,Peru,113,2117,1677,1,32,3,10,5,2
GDG89,male,72,student,110962,France,94,62,964,4,42,2,3,1,5
YFS29,male,81,student,92325,Colombia,100,2359,164,7,73,2,3,4,3
QKO00,female,55,self_employed,64904,France,108,1330,3592,3,70,2,9,5,4
ECQ92,female,51,student,71638,Australia,114,2529,3534,5,68,3,6,5,1
NUB52,female,36,student,40529,Turkey,111,256,819,4,62,4,8,3,2
DTO34,female,27,student,89523,Germany,102,1545,2753,3,74,4,10,2,3
HRU54,male,47,part_time,103483,Italy,87,741,2009,7,64,5,9,5,4
OFM69,male,58,self_employed,56321,Brazil,109,1202,1478,7,73,4,1,5,5
BGA62,female,77,self_employed,50678,Peru,95,2342,2656,4,39,3,3,3,4
LDM58,female,81,part_time,67467,Vietnam,105,1829,1314,3,87,2,3,4,4
IVG23,female,70,self_employed,98325,Singapore,101,1074,2321,4,55,2,5,4,5
TKD06,male,51,self_employed,18182,Poland,97,1268,2287,3,80,1,7,2,5
BVR94,female,51,part_time,65285,Indonesia,93,1301,1989,6,38,5,7,3,4
NHR67,female,53,student,72095,France,103,1966,745,4,33,4,1,3,2
JTM42,female,83,student,78176,Pakistan,109,2290,636,4,74,5,5,2,1
GQN42,male,45,student,124322,Indonesia,83,1698,3451,5,74,2,4,1,2
LIL13,female,73,part_time,76038,Norway,115,2756,2412,4,18,3,4,1,2
RGC75,male,50,self_employed,105126,United Kingdom,117,2329,2078,4,73,4,6,4,3
SOL27,female,71,unemployed,64248,Peru,112,1451,522,5,61,2,8,3,2
TOO17,male,51,part_time,120972,Belgium,113,1919,2154,2,52,4,9,2,4
CUT82,male,60,self_employed,94199,Turkey,99,2150,3432,2,55,3,9,5,2
MFE59,male,68,part_time,59586,Ukraine,91,2261,1632,4,22,2,6,3,1
SQD45,female,85,self_employed,88555,Singapore,106,1629,1981,6,54,2,8,2,4
WSY16,male,43,self_employed,94199,Russian Federation,65,1656,462,3,46,3,3,4,4
OZL24,female,41,unemployed,117713,Colombia,104,2081,2371,1,51,3,7,4,2
PLE31,female,29,part_time,41787,United Kingdom,84,431,3339,4,79,1,7,3,2
ZSG63,male,48,student,68023,Pakistan,121,378,149,7,79,4,1,2,2
TKM42,male,28,part_time,124850,Singapore,101,2584,1209,5,77,4,9,3,2
KAR15,male,30,unemployed,34757,Poland,98,97,2918,6,51,2,9,5,3
QCV03,female,70,student,86438,Philippines,109,891,549,1,45,2,8,4,2
CML77,male,73,part_time,92552,Poland,106,131,3005,5,59,2,3,3,1
PRK61,male,35,student,122398,Netherlands,109,696,3498,7,57,5,6,3,3
BXS77,male,21,self_employed,22956,Philippines,95,651,3562,4,72,5,9,4,2
QIN56,female,85,unemployed,106860,Russian Federation,129,1296,928,2,62,1,2,4,3
IIO54,female,39,full_time,107902,Mexico,76,2523,1656,5,85,3,5,2,3
TFX55,male,81,part_time,112680,Canada,116,1405,600,2,56,3,7,3,4
PZV56,male,63,part_time,83346,Poland,103,177,2756,4,68,3,3,4,4
JVN17,female,31,part_time,110204,Spain,93,1026,1894,4,27,2,4,2,1
IGE26,female,84,unemployed,108821,Germany,82,1833,801,2,36,1,2,3,5
RYE81,male,78,part_time,37509,France,114,2610,2639,6,57,4,5,3,1
WBV34,male,26,self_employed,23632,Brazil,75,2363,3351,7,49,2,2,1,4
KOP19,female,66,self_employed,44473,Brazil,79,641,760,6,22,5,3,4,3
VCE42,male,58,student,69683,Belgium,97,1700,3301,7,72,3,7,4,4
ZVW35,male,29,self_employed,112684,Chile,97,2273,2802,2,64,4,3,2,4
PFI69,female,72,self_employed,103504,China,127,1861,2792,3,50,3,7,4,3
DWK63,male,57,self_employed,91371,New Zealand,79,468,2044,5,54,2,2,1,5
ZSP14,female,55,unemployed,30830,Chile,124,2849,1108,5,80,1,6,4,4
GNI06,male,57,full_time,56063,Singapore,118,1843,45,5,52,1,8,5,3
YWH22,female,68,student,76053,Singapore,122,905,3112,2,27,3,8,4,3
CWS37,female,44,self_employed,106777,Vietnam,110,1972,152,2,25,2,8,3,2
GMM05,female,50,student,29989,Costa Rica,106,2643,2365,7,20,1,3,4,4
CWW52,female,26,unemployed,11432,Canada,103,1845,91,4,45,4,3,2,1
NPS72,female,20,unemployed,48637,Ireland,93,20,3816,4,23,3,10,2,3
JWI89,female,57,part_time,95158,Chile,111,2448,3192,3,64,1,6,4,4
OFN74,female,51,part_time,118639,Sweden,100,2773,3426,3,43,3,5,3,2
BYK18,male,28,part_time,83523,Philippines,107,1439,635,3,53,3,3,4,4
BUS38,female,42,self_employed,113578,United States,100,1978,1247,5,20,3,2,4,3
HRF04,female,85,part_time,11623,South Korea,101,2765,2079,3,88,1,7,5,3
YFS42,male,72,student,91088,Brazil,110,1872,3166,4,49,3,4,1,4
RXZ91,female,39,self_employed,92824,Italy,116,1105,1178,2,59,1,4,5,3
BVP94,male,79,full_time,73908,Ukraine,100,1400,3729,4,19,4,10,4,1
BDC14,female,28,self_employed,57804,Ukraine,108,1058,3492,6,28,2,2,2,5
HYK36,male,75,self_employed,119941,Ukraine,92,320,141,1,29,1,10,4,2
IYA42,male,26,student,12793,Turkey,111,1654,3081,4,32,2,7,2,3
TMK94,female,29,unemployed,110703,Italy,103,281,2253,3,54,3,9,1,2
HJN27,male,21,unemployed,74754,Brazil,101,1078,195,3,33,5,5,2,2
HRZ69,female,66,self_employed,10241,Norway,89,198,262,1,65,4,6,3,5
FFM22,female,64,full_time,19577,Italy,88,1887,3997,7,47,3,2,5,3
AGM88,female,34,self_employed,44763,Ukraine,104,2123,786,5,70,2,1,2,2
UEQ11,male,34,self_employed,63510,United Kingdom,90,865,3394,2,33,2,3,2,3
SDU71,male,59,self_employed,32741,Vietnam,98,1984,3203,5,53,1,1,2,3
KTR61,female,55,part_time,89960,Colombia,103,1217,1148,6,62,4,2,2,4
OVK24,male,44,student,40266,Ukraine,128,1247,1577,6,50,5,7,3,4
JFC25,male,38,part_time,78355,Sweden,111,877,2700,2,23,2,5,2,2
EUE89,female,73,part_time,52929,France,81,611,3880,3,46,4,3,1,5
RWE63,female,21,part_time,123908,Turkey,114,2393,3161,7,56,2,10,2,2
STP54,female,40,part_time,11229,Ireland,89,189,2338,5,77,2,8,1,3
WSW56,female,50,self_employed,64614,China,115,1080,11,4,79,1,3,2,4
BDQ68,female,56,student,66391,South Korea,92,2792,2060,5,59,2,6,4,4
HBN47,male,32,part_time,65037,United States,105,296,2337,3,29,5,5,3,1
ORH49,female,55,part_time,66577,Chile,112,2690,2851,6,60,3,7,2,4
BHB23,male,20,full_time,70937,Germany,96,579,1857,4,24,4,4,5,5
LOP55,female,39,unemployed,93025,Indonesia,125,2326,3567,3,87,2,6,3,5
GAH20,male,86,student,87277,Philippines,90,210,1050,5,28,5,7,5,4
JDT63,female,23,student,62121,Brazil,89,1885,564,3,84,2,1,3,3
USV07,female,80,student,31085,Pakistan,110,1629,1596,2,25,4,5,4,1
BHL36,female,73,student,49095,Norway,96,58,3507,6,38,5,7,3,4
MMR55,male,82,self_employed,22983,Canada,103,456,706,5,19,3,1,3,2
CXB69,male,20,full_time,33364,Russian Federation,87,861,2935,3,21,1,9,3,5
OVG74,male,39,part_time,115587,Turkey,89,2658,2107,2,87,4,9,3,4
TGO15,female,72,full_time,48333,Indonesia,87,27,193,1,45,4,1,2,3
CVL73,female,65,full_time,33822,Spain,105,2310,2983,3,54,4,8,5,2
ULM72,male,65,student,47047,Germany,106,2320,3600,2,28,2,7,3,2
QDC62,male,22,full_time,88984,South Korea,100,842,2564,4,30,3,6,3,5
UIM05,male,85,student,44148,Chile,87,954,2835,6,69,4,8,5,2
LGV78,male,76,part_time,61428,France,122,615,749,7,49,3,2,5,4
VAO01,male,43,self_employed,76172,Austria,94,1353,2356,6,34,4,6,1,5
PGN48,female,26,part_time,107644,Canada,94,2632,2813,1,32,4,8,5,4
POJ06,male,41,self_employed,19084,Brazil,91,1259,3189,3,44,3,4,4,2
BDM86,female,48,unemployed,10189,Sweden,114,75,99,6,41,1,6,3,1
MOQ16,male,78,self_employed,58385,Spain,105,2274,1172,6,43,5,3,4,3
HIG47,male,72,student,92483,Costa Rica,108,1057,477,2,33,1,5,4,4
YMR56,female,53,student,45821,Spain,88,2854,2722,6,30,2,1,3,5
WFH95,male,45,student,116197,Australia,112,1915,227,7,20,5,8,4,5
UPG55,male,37,part_time,114767,United Kingdom,99,1914,1858,6,42,1,1,2,2
JMG12,female,73,full_time,107633,India,105,2105,82,7,21,4,7,5,2
ILS19,male,39,part_time,39395,Spain,122,877,2964,3,64,1,9,1,5
PYY85,female,45,self_employed,33023,Vietnam,98,2543,1884,7,39,5,5,4,4
FVM41,male,42,part_time,101046,Nigeria,97,2738,697,5,55,4,6,5,5
RWF30,male,79,student,32255,Peru,86,596,1562,4,64,2,6,5,3
SUV41,male,58,part_time,88610,Brazil,80,1335,3708,2,19,2,7,2,1
SJN50,female,39,full_time,13949,Poland,91,2421,3110,2,19,3,1,2,3
EHN40,female,48,self_employed,59351,New Zealand,89,828,2172,4,32,4,4,2,3
TNB23,male,40,student,115759,Spain,99,843,3571,5,83,4,5,3,5
YVM21,female,37,part_time,39577,Peru,125,2104,1883,5,47,5,1,3,5
MII61,male,70,student,64031,Poland,85,663,3987,2,74,3,10,4,5
PSF14,male,52,unemployed,101349,Norway,103,1314,2596,6,60,3,1,2,2
QDE26,female,79,self_employed,18858,Vietnam,86,918,2437,5,24,4,2,5,2
KGD11,female,27,part_time,34358,Norway,102,822,671,2,75,3,8,1,4
YTK15,female,72,unemployed,84145,Singapore,99,1730,1189,1,42,2,10,4,3
UZB44,female,41,unemployed,114980,Pakistan,76,1709,3305,2,61,4,9,1,2
WMD22,female,73,self_employed,58810,Norway,119,2739,1524,5,52,4,1,1,2
KVS47,male,60,part_time,92818,Russian Federation,100,173,1833,1,85,1,9,5,3
OLC98,male,71,student,56410,Germany,114,416,1523,3,32,1,2,1,2
VXB16,male,87,part_time,96923,China,95,429,272,4,20,3,10,4,5
LGP44,male,59,full_time,99273,Vietnam,96,190,3440,4,21,2,3,4,3
ZIQ42,male,61,self_employed,119347,Canada,85,2594,3386,6,21,2,9,3,3
FJR42,female,60,student,39183,United States,90,2262,595,2,42,4,5,2,4
FFE12,female,79,full_time,112806,Spain,110,2681,2379,3,27,2,1,3,5
RZQ28,female,35,part_time,72006,Peru,100,1211,86,5,68,3,5,3,4
XXA04,male,56,self_employed,96934,New Zealand,112,2457,557,5,82,3,7,3,4
LHW48,male,48,student,99701,Canada,110,490,759,6,79,1,5,4,3
KAB78,male,45,self_employed,68330,Russian Federation,88,2191,2308,3,30,3,4,1,1
NKX52,male,82,student,40726,Sweden,122,1810,1558,7,83,2,5,4,5
DLJ31,male,59,student,45827,United Kingdom,95,1400,122,5,53,4,5,5,2
WMJ85,female,28,self_employed,26053,Chile,87,458,465,5,42,1,4,4,4
CDE56,female,53,part_time,76630,Spain,115,14,391,4,44,3,6,4,4
YQT97,female,86,full_time,115825,South Africa,121,2923,1594,3,32,3,6,3,5
YKM48,male,49,part_time,84787,France,92,2983,139,5,18,3,7,4,4
FJD75,female,74,part_time,21569,Vietnam,88,1424,3561,1,19,4,1,1,3
KDL25,male,33,self_employed,20403,Brazil,87,790,2967,6,26,4,6,2,3
VOE27,female,35,student,41677,Ukraine,98,2014,3503,3,81,5,7,3,5
SYW52,male,54,part_time,68661,China,110,114,2841,1,67,4,3,3,5
QDY02,male,20,student,60656,New Zealand,81,1876,2506,3,78,5,6,1,4
QTP19,male,58,student,27056,Vietnam,88,2063,1598,6,38,1,6,5,4
QBB85,female,62,unemployed,95488,Spain,85,2446,2858,5,66,2,5,3,2
PRC47,male,28,full_time,58299,Canada,107,119,460,7,61,4,3,2,5
NWE28,male,59,part_time,123035,Colombia,111,2832,2983,6,30,2,4,3,3
MOK15,male,31,unemployed,20387,Peru,100,1199,430,3,43,2,9,4,2
YFU31,male,25,self_employed,65071,Mexico,97,855,2593,3,84,4,5,2,4
PSL62,male,48,full_time,39981,Costa Rica,88,210,2615,4,39,1,10,2,4
PRK27,male,35,part_time,47838,France,91,1921,2198,3,70,1,8,5,4
HOF68,male,53,self_employed,56977,Norway,101,1252,623,6,38,2,8,2,2
USK43,male,65,student,20836,Ukraine,96,72,961,3,75,3,6,5,2
JER85,female,76,student,108003,China,92,1092,2720,6,46,3,7,5,3
DCZ85,female,88,student,116578,Germany,93,2270,3353,3,77,2,7,3,3
FKP38,male,26,student,53329,Brazil,82,2930,2681,5,31,4,9,4,2
NRN25,female,55,full_time,28300,Austria,107,2038,1570,5,35,1,7,4,5
LDE54,male,66,part_time,47449,India,104,2452,946,5,45,1,8,4,2
GMD62,female,78,full_time,70978,Ukraine,105,1739,3006,3,52,2,9,4,3
AVL24,female,83,unemployed,111480,Italy,125,810,1099,6,54,2,1,3,3
HDU88,male,83,unemployed,27261,Mexico,116,1170,729,1,79,2,5,3,3
HHX58,female,42,self_employed,102401,Chile,92,597,2893,5,30,1,6,4,4
QNS93,male,75,part_time,26960,Mexico,81,2680,3861,3,86,5,6,2,2
ZEM72,male,40,student,103709,Russian Federation,103,1894,423,2,22,4,2,4,5
EZN75,male,42,part_time,12988,Ukraine,69,397,3550,6,60,2,3,2,2
AMS11,female,20,student,71856,Austria,79,217,2051,4,78,2,4,4,2
LCG50,male,85,student,120705,Spain,87,1684,3531,1,66,3,3,4,3
MHN96,female,29,student,26136,Mexico,95,635,1518,3,46,1,8,4,2
WJW13,male,53,unemployed,19895,Turkey,99,2502,3871,3,27,1,10,3,4
MCW81,female,80,part_time,100745,Indonesia,69,1440,2339,5,51,1,3,5,2
AJM28,male,85,unemployed,24253,Ireland,110,2312,1989,4,87,1,8,5,5
GOV16,female,74,self_employed,35233,Austria,99,1714,3867,1,32,2,9,5,3
GPB93,female,19,self_employed,70477,South Korea,114,1546,3926,5,18,1,7,4,3
ICP38,male,84,self_employed,94962,China,99,2870,1195,5,29,4,3,4,5
RQR94,female,33,student,52237,Pakistan,92,2563,1117,1,25,2,6,5,2
VRX37,female,63,student,76823,Brazil,85,353,3270,4,28,1,8,4,4
SNE73,female,46,full_time,112072,Sweden,96,1066,2984,4,25,3,1,3,2
UYF58,male,83,part_time,102266,Philippines,99,588,323,4,67,3,2,3,2
SRQ35,male,44,unemployed,62288,Colombia,94,1167,2004,2,49,4,6,2,5
KVD96,female,48,unemployed,103529,Brazil,113,1954,1175,6,43,4,6,3,5
IZK57,male,56,self_employed,51488,Ireland,93,891,1712,2,60,2,9,3,1
ICM03,male,67,student,124892,India,98,1687,1000,5,77,3,9,3,4
JXP48,male,50,part_time,70584,Italy,104,94,1244,7,53,2,10,1,4
SQI36,male,74,part_time,65967,Vietnam,90,211,1725,4,74,5,3,4,4
FNC41,male,60,part_time,49954,Ukraine,111,97,1881,5,73,2,7,3,2
RNE64,female,40,student,113230,Indonesia,76,2048,1035,1,45,1,9,5,1
DJC75,male,36,unemployed,66313,India,105,1638,3568,6,63,5,8,2,4
BLO53,female,33,part_time,80971,Chile,77,380,3068,6,72,5,6,5,5
NJL56,male,70,student,24663,Singapore,107,2272,916,4,66,5,8,4,4
RBS68,male,80,student,96966,Belgium,65,2356,85,4,43,5,9,2,5
WAP12,male,71,part_time,105652,France,103,1976,1930,4,66,4,4,3,3
UIR67,male,21,full_time,66384,Turkey,88,2150,928,4,47,4,9,3,3
LIL18,male,68,full_time,37023,Russian Federation,108,1428,3118,3,29,4,10,3,1
IUU51,female,35,unemployed,124960,Pakistan,107,2896,3891,6,23,4,5,4,3
MQU59,male,78,student,69889,United States,118,179,2892,1,67,2,8,2,4
UFU93,male,56,self_employed,89431,Spain,72,1947,1997,3,47,4,8,2,4
NEV58,female,58,part_time,25485,France,115,1009,1417,6,80,5,4,1,4
ENK68,female,23,student,41373,United Kingdom,110,1045,3589,4,31,1,8,4,4
LHU29,female,85,part_time,41669,Sweden,92,1305,1563,1,45,1,1,4,3
XXN46,female,58,student,66106,Netherlands,90,1198,2188,5,78,2,5,2,3
IHA46,female,29,full_time,95155,China,90,1940,3129,1,76,3,8,3,4
VOV71,male,82,part_time,39710,Netherlands,108,982,3051,6,75,4,1,3,1
BPY55,female,85,student,56172,Spain,98,1918,653,5,23,2,9,2,2
BCN27,female,32,self_employed,72863,Turkey,92,9,1287,5,67,5,7,1,2
OUY43,female,64,part_time,90290,United States,75,1093,655,6,48,3,6,4,2
GYU31,male,55,part_time,70635,Singapore,112,1001,503,2,81,5,9,2,4
XQG42,female,72,unemployed,72852,Austria,104,1661,3782,1,43,2,10,3,2
NYE79,male,40,full_time,84955,Poland,87,2168,1962,5,70,3,6,2,2
PZN78,male,85,part_time,123247,United Kingdom,108,1491,446,6,71,1,4,4,5
NCP38,female,32,student,30781,Costa Rica,101,617,136,6,28,2,3,1,5
RQA11,male,33,unemployed,53608,Singapore,87,2009,3601,7,24,2,8,3,3
WGP14,female,31,self_employed,92939,Nigeria,88,1915,1562,5,66,5,10,2,4
VRS67,female,36,self_employed,42882,Peru,103,30,230,2,19,4,9,3,3
NYE46,male,85,unemployed,28477,South Korea,82,1819,1866,3,59,3,9,4,4
QQI32,female,45,unemployed,43873,Singapore,115,1161,3448,4,85,1,1,4,4
RZV19,female,75,part_time,43769,India,135,2151,1565,3,46,2,1,3,3
DBR27,female,71,student,14341,Pakistan,97,224,1085,5,74,5,9,1,2
MIP31,female,31,full_time,114432,Turkey,107,921,1107,7,62,2,2,4,2
DAO51,female,73,full_time,79519,Chile,99,1650,47,1,38,4,5,2,4
KVI91,female,80,part_time,51074,Turkey,97,819,322,6,22,3,9,5,2
LEI45,male,86,self_employed,18746,Philippines,110,2400,1133,2,39,4,6,2,3
FCN12,female,31,student,26616,Spain,116,85,2467,4,23,2,6,3,2
BKJ47,female,86,full_time,25393,Costa Rica,120,1438,3597,6,80,4,3,3,4
YHV26,female,31,part_time,21686,Norway,102,1397,2107,2,26,2,5,3,5
TND46,male,20,self_employed,69543,United Kingdom,83,2692,2862,1,47,2,6,5,5
UUB79,male,82,unemployed,113340,Chile,114,2287,2462,3,27,3,9,4,5
NGV68,female,38,student,86572,Sweden,94,2706,2106,3,52,1,10,3,2
FJE59,male,31,part_time,59456,Norway,94,497,3950,5,80,3,5,3,4
LCW19,male,52,student,118639,Nigeria,106,2861,509,4,42,5,3,2,2
MLJ75,male,26,full_time,117361,France,107,5,60,6,79,2,5,2,5
BOE14,male,67,self_employed,98015,Chile,90,1737,510,1,48,1,8,5,4
NFH62,female,21,part_time,40273,Norway,86,2296,762,4,76,5,6,3,4
DDH43,female,85,full_time,120438,Colombia,75,1736,2613,2,42,4,6,4,3
LWV73,male,50,full_time,51420,Nigeria,113,2949,553,2,18,2,1,3,3
XPD64,male,53,part_time,27335,China,118,2461,1295,3,37,3,3,4,2
XEV86,male,62,full_time,25237,Singapore,120,2250,1072,3,64,4,2,4,4
RHB01,female,59,part_time,49134,Ukraine,114,912,3037,3,34,3,3,4,5
EYJ07,female,24,part_time,10400,Belgium,69,427,1123,5,85,4,1,3,3
UED54,male,63,part_time,113833,Vietnam,92,638,3190,2,51,5,5,2,1
HOC73,female,36,self_employed,51875,Norway,112,1768,1438,6,86,3,3,3,5
XRS92,male,61,unemployed,105465,Russian Federation,101,1669,12,3,37,4,9,5,5
RJF87,male,22,student,100617,India,119,134,998,4,49,3,3,2,4
GRN80,female,22,self_employed,49786,Brazil,96,966,3253,6,73,3,5,4,4
BKT59,male,53,self_employed,84266,Costa Rica,109,2540,3983,6,85,3,8,2,5
ABD07,male,18,full_time,66735,Colombia,92,749,1874,3,30,1,4,3,4
JBT75,female,45,part_time,55916,Philippines,104,17,1836,3,34,1,2,3,2
YLL89,female,73,part_time,118297,United States,101,283,3185,5,39,2,8,5,2
XWG52,male,73,part_time,109286,Singapore,97,2671,733,7,21,4,6,4,5
SJH11,female,57,unemployed,71746,Canada,117,151,1088,3,62,2,4,2,3
IEP41,male,62,part_time,91012,Netherlands,82,2423,613,6,71,2,3,2,2
HDB59,female,83,part_time,74506,Philippines,88,848,1485,5,56,3,7,4,3
RAJ86,male,68,student,112755,Belgium,89,1353,3508,5,36,3,3,3,3
NAP72,male,77,unemployed,80810,Russian Federation,62,204,362,2,40,4,8,5,2
SRU79,female,64,part_time,18699,Chile,64,2428,2961,4,31,4,5,3,2
LJL85,male,36,full_time,72957,Chile,114,476,142,6,69,3,2,2,2
WFM63,female,76,student,91116,New Zealand,82,273,1813,3,54,4,2,1,3
PIE09,female,86,student,105985,South Korea,91,1871,463,1,86,1,2,2,4
XOI38,female,64,self_employed,79183,China,106,2872,964,4,64,4,3,2,5
UUX83,male,40,student,120204,United Kingdom,80,14,1465,3,74,3,3,2,4
QAC14,female,52,student,21727,Germany,104,1591,202,3,80,2,4,3,3
GZN40,female,68,student,88503,Colombia,103,156,3495,4,48,3,4,4,4
WXQ21,male,70,part_time,28938,Netherlands,106,1540,2055,6,21,3,8,3,3
NEX43,female,30,self_employed,96654,United Kingdom,106,1852,3321,3,24,5,2,2,5
PXJ64,male,70,student,120018,New Zealand,99,730,1059,1,23,5,3,2,2
PXM85,male,39,student,84352,Spain,113,2246,2711,1,68,4,3,4,5
KJD61,female,62,self_employed,111900,Colombia,82,2693,3033,6,26,4,8,4,3
QOO83,female,49,student,42463,Norway,81,1915,2882,4,28,2,1,3,3
REV15,female,64,student,82266,Brazil,81,1300,738,5,68,4,4,2,4
CGQ06,female,18,self_employed,48456,China,83,411,3059,4,23,2,8,3,1
WUQ65,male,48,unemployed,25262,Costa Rica,107,738,1179,1,50,2,6,1,3
FRN03,female,55,self_employed,35018,Spain,83,1862,1309,7,19,2,10,3,5
DNW52,male,60,full_time,33364,New Zealand,97,2135,2513,4,61,4,9,3,5
LPE50,male,20,student,110458,Italy,114,2803,2927,2,70,2,4,1,2
ASC74,male,25,student,117455,Peru,80,1041,1595,3,29,5,1,2,2
YSS66,female,78,part_time,10012,Belgium,85,2988,2566,7,27,3,4,3,2
DKI19,female,76,student,24406,India,92,1449,3513,4,26,4,7,2,5
FLS84,male,51,unemployed,33465,United States,97,2626,3771,1,52,5,3,4,3
FKY95,male,76,unemployed,46746,Sweden,90,2791,3256,6,77,1,8,3,3
TJS83,male,31,full_time,69710,Singapore,92,191,791,2,21,4,4,1,5
FFM18,male,57,part_time,28524,Ireland,103,2627,1055,1,42,3,1,5,4
END21,male,86,part_time,97038,New Zealand,110,829,705,4,85,1,8,1,4
TSG48,male,58,self_employed,33872,Singapore,98,1514,929,4,25,5,7,3,3
LQY70,male,29,student,21510,United Kingdom,91,1167,2239,5,58,3,10,3,4
ZZN56,male,65,student,21816,Brazil,129,95,1262,6,73,2,4,1,2
YXC17,female,21,student,116097,Nigeria,122,42,1341,5,71,4,8,1,2
SLF77,female,73,self_employed,49602,Philippines,99,2431,14,1,19,3,4,4,4
TTT58,male,39,part_time,53555,Colombia,98,981,3411,2,71,1,9,2,2
TWK17,male,23,student,31857,South Korea,67,1280,3206,4,42,5,6,5,2
PUO12,male,81,self_employed,19866,Ukraine,111,1808,3982,7,86,3,1,5,3
TTW15,male,19,full_time,82330,United States,91,190,578,5,19,4,9,3,5
HQI58,male,55,part_time,45783,India,124,924,1285,2,57,3,1,5,1
CTQ33,male,45,student,11837,Nigeria,124,1167,3542,1,78,5,8,4,5
YYM43,male,34,part_time,86663,Belgium,92,2844,1223,5,87,4,6,5,3
WDL81,male,53,unemployed,99444,Norway,111,2648,3440,4,20,3,9,2,2
GMN91,female,42,self_employed,45182,Belgium,85,2256,981,7,59,4,8,5,3
XXE46,male,29,student,100259,Spain,95,943,1742,6,66,4,5,3,4
AIQ16,female,75,student,16804,Italy,89,1118,2469,7,76,4,7,5,4
SMO87,female,24,unemployed,119606,Chile,92,1214,3764,6,43,4,9,1,3
FXR03,male,77,self_employed,52381,Netherlands,125,1527,1024,6,21,4,3,4,2
LDK66,female,23,part_time,74317,South Africa,102,2427,1363,6,49,3,3,3,5
EMP10,female,38,part_time,41172,South Korea,114,2144,1033,3,52,5,9,4,4
OJL72,female,81,full_time,109791,Colombia,88,2544,556,4,37,5,1,4,2
LIT24,female,26,student,25034,Belgium,84,1041,3973,6,72,5,5,1,4
XWB38,female,69,student,95512,Belgium,100,457,3050,2,58,2,2,5,5
RBY36,male,80,student,98815,Colombia,97,720,3365,2,27,2,2,2,4
MJT62,male,46,self_employed,39921,Brazil,102,2428,1645,3,37,3,4,3,3
IIP84,female,62,student,33917,Ireland,111,874,396,3,41,2,7,2,4
KMX14,female,20,self_employed,11776,Sweden,101,2924,3725,4,53,3,2,4,4
NGJ68,female,20,student,102331,Norway,113,1819,2425,2,59,3,4,1,4
KBO33,female,60,unemployed,73043,Ukraine,104,1911,3800,2,42,4,3,4,2
QHL42,female,19,full_time,18643,Italy,88,287,2573,2,27,2,8,2,4
CGF70,male,25,part_time,95098,Canada,94,2390,3745,3,75,4,9,4,5
ESY61,female,41,self_employed,24318,United Kingdom,104,669,1064,4,68,3,2,3,2
FOB77,female,80,student,46751,Canada,105,780,1801,6,31,3,1,4,2
UXB42,female,73,full_time,123855,United Kingdom,91,1251,2650,2,35,1,6,5,3
NHX11,male,34,full_time,109408,Brazil,101,623,786,4,61,4,4,3,1
ULV15,male,19,part_time,79711,Austria,96,726,499,6,74,2,7,3,1
GTX35,female,47,full_time,43449,Philippines,93,1313,3106,6,54,2,5,5,3
QBZ31,male,31,part_time,62315,Philippines,101,538,3496,7,40,5,3,4,3
XOK59,female,85,full_time,61820,Peru,101,882,3120,6,57,3,9,3,5
CLR60,female,67,self_employed,29347,Nigeria,108,1971,39,5,68,5,10,5,1
OQJ07,female,71,full_time,32474,Ireland,110,1329,1889,4,49,4,2,3,1
MFU45,male,69,student,26051,Nigeria,98,98,3055,4,62,1,6,2,4
RQJ86,male,52,student,121608,Singapore,89,1273,758,5,37,3,5,3,1
ULA62,female,37,self_employed,17722,Norway,94,2084,131,1,48,2,2,3,5
QSN36,female,54,part_time,123854,Brazil,114,22,2210,4,70,2,7,4,2
HIC61,female,46,self_employed,37909,Peru,89,989,3835,7,48,4,5,4,2
RWK72,male,48,student,72129,Ireland,95,1750,2993,2,68,2,9,4,5
OVE28,male,36,student,79166,Germany,94,845,2526,4,35,1,2,2,3
CMC01,male,21,full_time,50351,Netherlands,112,498,1386,4,65,4,6,3,2
ZUC34,female,29,part_time,18787,Poland,104,2410,2553,5,29,1,3,2,4
LNL03,female,25,unemployed,105893,Peru,114,2839,27,1,55,1,4,5,5
MKS77,male,82,student,117897,Austria,116,2178,437,5,22,5,9,4,4
ZRS41,male,85,student,50511,China,84,1088,2982,4,47,4,2,3,4
JIV82,female,65,self_employed,41710,Belgium,99,920,2292,5,28,4,10,5,5
PDD11,male,86,full_time,63072,Chile,80,523,1459,2,69,1,10,2,2
MGX41,female,58,student,22620,Singapore,114,284,3448,6,39,1,9,2,2
DUM89,female,65,self_employed,103326,Philippines,72,1782,970,3,46,3,4,3,3
PYL47,female,44,part_time,63602,Turkey,94,2533,1517,6,19,5,6,3,4
XMF52,female,66,self_employed,25660,Philippines,102,1370,3682,3,37,3,6,2,4
PBG54,male,59,student,39649,Chile,93,450,934,1,68,4,5,1,1
JOM35,male,64,student,96734,Poland,118,1403,2206,3,65,3,4,3,2
EXB17,male,23,student,34913,Poland,107,1561,1873,2,45,3,5,2,4
QUE23,female,34,student,124879,Costa Rica,82,2917,3649,4,73,5,5,1,5
UNW36,female,39,self_employed,42449,United States,110,2363,2911,2,58,3,3,4,5
KCK11,female,49,part_time,63844,Mexico,97,994,3908,2,72,3,5,2,4
JAU89,female,21,self_employed,71681,Indonesia,103,1555,463,4,52,3,3,2,5
WIV24,female,62,self_employed,104763,Poland,120,1888,3023,4,72,4,9,1,3
MLQ20,male,85,student,105883,Australia,101,1452,2266,1,44,4,7,2,3
GBI68,female,49,unemployed,70747,Australia,95,676,3177,3,53,3,9,3,1
SHN35,female,53,full_time,119201,Nigeria,121,1832,2258,6,54,4,7,4,3
BJK58,female,22,self_employed,87469,Singapore,102,1142,3893,7,58,5,2,1,4
JJD04,female,65,self_employed,112159,Colombia,111,2969,3522,4,61,4,6,4,2
DFB06,female,60,part_time,29844,Turkey,96,2739,362,2,52,3,8,3,2
OXZ13,male,23,self_employed,31983,Singapore,99,1128,3618,4,46,2,4,4,3
GQM50,female,51,self_employed,21393,Poland,116,2758,2614,6,19,4,7,3,2
KKP15,female,56,part_time,92382,Germany,106,2173,3936,7,32,3,7,5,5
MFN47,male,27,student,20007,Australia,105,600,2819,4,47,1,4,3,3
BOD35,female,37,student,57075,Brazil,120,2236,2568,4,58,4,2,5,2
BYL02,male,79,student,43403,Costa Rica,95,1137,826,1,85,4,5,1,5
QVR61,male,37,part_time,116519,India,107,1715,1342,4,85,4,3,3,4
VLB31,female,64,self_employed,31841,Vietnam,85,899,50,1,37,2,3,3,3
SMU71,male,33,full_time,69680,Italy,100,97,3076,3,66,3,2,3,3
DYL97,male,43,student,26048,Italy,95,593,1236,1,19,5,8,1,1
GUD65,female,56,unemployed,22833,Sweden,106,1734,647,4,69,2,2,5,3
BUN39,female,80,unemployed,80295,Ireland,98,761,3130,2,73,3,9,1,4
WQE86,female,73,full_time,24632,Germany,87,2538,2998,5,48,5,6,2,4
KYS45,male,25,student,27667,Mexico,91,1056,1299,4,28,4,6,3,3
SWN57,male,23,self_employed,18936,Chile,92,1435,2882,6,50,5,7,2,2
ELN23,male,82,part_time,28362,South Korea,121,1996,2901,4,86,4,6,3,4
ICN07,female,71,part_time,62045,Indonesia,105,2876,3190,6,64,3,9,4,2
IVF39,male,43,full_time,61278,Poland,90,1640,585,3,39,4,4,2,5
JTR21,male,66,student,13375,Philippines,95,1049,2543,3,77,1,3,5,3
MUT46,male,85,part_time,110420,Singapore,91,908,1362,7,64,4,4,2,2
CWL65,male,43,unemployed,61432,Philippines,88,352,2182,6,40,3,3,4,4
PAZ42,male,67,self_employed,104615,South Africa,81,2580,3332,5,64,1,4,3,3
DFW28,female,27,student,100524,China,96,1332,1239,2,47,1,8,2,4
FIT80,male,24,student,114369,Costa Rica,90,777,1563,3,81,4,3,1,3
GIG15,male,36,unemployed,76123,Nigeria,103,2156,1463,2,34,2,3,1,3
OQR66,male,84,part_time,44331,Italy,117,2390,691,6,31,3,3,5,5
EDH21,female,54,self_employed,43525,Singapore,129,2431,975,7,50,2,6,4,1
ZGU76,female,50,student,69334,Colombia,106,1949,1337,6,81,2,9,3,1
FJU25,female,58,unemployed,40792,Germany,84,2447,3989,6,77,4,3,2,2
MZI15,male,40,part_time,97241,Sweden,101,997,1852,5,70,3,2,3,5
MRL10,male,31,self_employed,76517,Philippines,121,608,1746,7,27,2,9,2,2
OLW00,male,32,student,58650,Nigeria,95,2804,660,4,26,5,3,3,3
JMH43,male,46,self_employed,123615,China,75,2053,3316,7,71,5,3,3,4
WMK41,female,23,student,40004,Pakistan,84,726,3422,7,54,2,6,4,3
HYO70,male,56,self_employed,105517,Singapore,83,1327,3630,2,88,1,4,2,4
EXP47,female,49,unemployed,36265,Chile,99,1264,3219,6,55,2,3,3,3
UKL78,female,29,student,96737,Costa Rica,91,2025,3362,6,86,2,9,3,4
GKA49,female,62,part_time,89442,Austria,85,453,1326,1,28,5,2,3,5
NGE05,female,61,full_time,81403,Italy,84,296,3909,3,37,1,6,4,5
BTL40,male,35,self_employed,42767,Netherlands,85,655,915,1,58,4,10,4,4
GSP43,female,86,self_employed,43468,Chile,86,618,3467,1,24,3,3,2,2
GLP77,male,67,student,25212,Vietnam,102,874,2843,6,45,4,8,1,5
SEC81,male,18,unemployed,65521,Ireland,90,1500,3454,5,72,2,10,4,1
PKZ81,female,79,self_employed,108589,Peru,111,2894,1485,3,57,3,4,5,4
PLF25,female,75,unemployed,57668,Netherlands,102,630,1655,6,85,3,3,5,4
OLJ37,female,31,student,19142,Mexico,93,494,3922,3,80,4,5,3,4
TXR69,female,54,self_employed,122234,Ireland,106,1908,421,2,33,5,9,1,5
GJG75,female,64,student,123945,Mexico,70,762,2259,4,61,3,2,4,4
INT51,male,69,part_time,84461,Italy,126,1939,1138,4,40,3,2,1,2
CMD85,male,42,part_time,80058,India,87,2926,913,5,29,4,3,4,4
KWJ42,female,85,full_time,76375,Austria,108,2908,458,2,43,3,8,2,1
LSZ27,female,68,self_employed,94343,United States,79,1093,3449,2,67,2,8,1,5
BNT46,male,39,part_time,15067,Norway,84,2989,2425,1,82,5,6,5,3
CSJ33,female,22,self_employed,62686,Canada,120,1848,312,5,23,2,10,3,4
KMP85,male,73,self_employed,55021,Australia,85,1124,2125,5,50,3,7,4,3
LSV08,female,52,self_employed,81261,Austria,85,612,3130,6,29,2,9,1,3
QDG83,female,44,student,73796,Russian Federation,114,174,3909,6,81,3,2,3,5
DFW35,male,72,part_time,61559,Austria,110,1272,1652,4,73,2,3,2,2
GPB01,female,62,self_employed,39575,Pakistan,106,1891,2327,5,49,2,4,3,4
CDJ34,female,23,part_time,38106,France,91,2526,3368,4,35,4,4,1,2
LHH35,male,80,self_employed,22429,Chile,110,2262,3395,6,68,4,7,3,3
YGH17,female,34,part_time,74603,Peru,115,148,922,5,88,1,2,3,3
LMC06,male,54,student,31826,Sweden,107,2740,1392,3,80,1,9,3,4
NIO20,male,54,student,82883,Peru,107,517,601,2,81,2,9,3,3
CYP66,female,88,unemployed,95796,Poland,95,544,1218,7,66,4,7,3,3
OGF37,female,68,self_employed,32390,Poland,121,815,2229,2,26,2,9,1,5
TFY59,female,28,student,46851,South Africa,100,2061,3472,4,36,3,2,2,3
TNM93,male,68,student,96659,Philippines,120,2468,3812,7,78,4,1,5,1
CRJ81,male,32,student,79499,Germany,94,1246,1271,6,73,1,3,3,2
RHU73,female,49,full_time,36577,South Korea,88,2139,3373,2,86,5,5,5,2
TWG73,female,38,student,27436,Chile,99,1834,2497,7,83,4,6,2,3
FSK27,female,63,self_employed,35830,Spain,106,1710,1444,6,22,3,2,2,1
CRC49,female,27,part_time,41716,Austria,107,2970,599,5,51,4,4,2,2
FCL88,female,70,part_time,115507,Spain,111,1801,2618,2,78,4,5,3,2
SND00,male,63,part_time,40040,Colombia,93,2760,3121,3,75,3,10,1,1
UXM76,male,59,student,62375,Norway,96,404,866,4,48,2,9,5,5
IDG85,female,45,unemployed,124701,Mexico,90,1916,160,3,58,4,4,4,2
YNW53,female,32,student,99831,Norway,109,1770,2218,6,65,2,7,3,5
DBI73,female,42,full_time,81210,Nigeria,98,2288,3200,3,73,3,6,3,3
MYH08,male,57,student,60547,Ireland,98,1010,793,2,64,4,5,5,1
XMG55,male,70,student,117058,Russian Federation,83,2573,2845,5,87,1,5,3,2
SRW97,male,26,self_employed,33294,Russian Federation,95,1679,2577,3,36,4,7,4,4
MPG78,male,34,part_time,31157,Ireland,95,638,3750,1,39,4,7,3,3
JNM41,male,66,part_time,47956,Australia,120,228,1192,5,32,2,2,3,4
JCQ40,female,33,student,66604,Colombia,95,2868,1957,1,25,2,6,2,3
MRD95,male,41,full_time,82391,Costa Rica,102,817,2988,4,77,4,7,1,1
KQF90,male,64,self_employed,36799,Norway,88,234,1742,4,45,4,5,1,4
HJZ93,male,26,part_time,22426,Singapore,99,1638,1276,6,61,4,9,3,5
POH66,female,87,student,30229,Netherlands,98,1898,2948,4,37,1,5,3,4
LHI50,male,21,self_employed,69930,Netherlands,93,555,1040,2,57,1,1,2,2
IXU57,male,22,part_time,96036,Germany,86,2694,3466,5,37,2,4,4,3
JFJ61,female,72,part_time,15113,India,81,2007,651,2,65,2,2,3,3
NUV25,female,49,unemployed,69637,Belgium,75,495,2101,4,83,5,4,2,2
IMB32,female,81,student,93508,India,103,783,1253,6,27,4,6,4,2
ELJ86,male,66,full_time,102098,France,93,1705,2917,3,83,5,6,3,3
NGB70,male,53,student,44802,Spain,102,1697,2055,5,42,4,8,3,4
DFW81,male,86,part_time,89917,Ukraine,112,759,1343,5,84,2,6,5,4
JKG84,female,21,student,99885,India,91,1733,553,4,50,1,1,4,2
MOT60,male,42,student,64698,Ireland,86,2825,174,2,34,1,7,4,4
GXC12,female,45,self_employed,34419,Netherlands,94,2048,74,5,66,1,6,3,4
YHK17,female,66,student,124088,United Kingdom,106,555,322,4,69,4,7,2,2
CHG64,female,45,student,101609,Indonesia,105,1060,1577,6,67,4,9,3,1
YPL84,female,31,unemployed,19923,Brazil,100,1240,2721,1,75,4,6,4,1
ORZ24,male,60,self_employed,60413,Indonesia,99,314,583,6,83,4,2,3,4
RNU22,female,66,part_time,36743,United States,94,786,1356,6,69,2,3,3,2
QTP94,male,85,student,102751,China,117,2256,1366,3,29,5,2,4,3
IGF22,male,67,self_employed,63813,Mexico,81,1598,2265,6,53,3,9,2,3
FBE74,male,79,student,94486,India,80,2152,165,7,76,3,6,4,3
KTR00,male,53,part_time,100781,Germany,83,2630,2579,3,76,4,4,4,4
RCC59,female,79,full_time,104672,Italy,105,342,694,4,76,3,3,2,3
LWU30,female,34,student,11025,China,101,350,275,1,35,2,7,2,3
SDG45,female,75,full_time,66208,South Korea,82,1919,3271,4,79,2,6,3,2
DOD73,male,43,full_time,79656,United Kingdom,106,678,297,6,46,3,8,2,2
TPF74,female,79,part_time,119191,Pakistan,102,2295,1034,3,68,3,9,3,5
PPK39,female,83,self_employed,87899,Indonesia,125,70,3718,5,64,4,8,3,5
QTF53,male,37,full_time,98471,Poland,77,2161,3144,3,42,3,7,4,3
CLE72,female,34,full_time,92850,United States,92,1129,2695,6,25,4,5,5,4
PHC00,male,66,self_employed,14222,United Kingdom,100,408,934,3,25,3,4,3,4
PLS15,female,34,student,101604,Netherlands,110,2230,1414,3,79,2,9,4,4
IWN99,male,52,unemployed,63613,Poland,114,2791,3330,3,22,3,7,2,5
OEI16,female,56,self_employed,39076,China,97,1957,1277,4,50,5,5,1,2
GFC63,male,42,unemployed,116906,Brazil,102,1734,3138,5,51,5,9,4,3
YRE08,female,64,student,112461,South Korea,93,1727,389,4,20,3,7,4,5
TSM62,male,31,student,73751,Vietnam,121,320,3087,7,41,4,9,1,2
YEL78,male,86,full_time,29654,Singapore,109,466,1368,6,80,5,8,2,4
RHJ24,male,83,self_employed,96743,Ukraine,118,2644,1889,7,51,3,6,4,1
KHK58,male,63,self_employed,56773,Turkey,101,881,3164,5,42,2,5,5,2
QOP23,female,70,self_employed,93954,Belgium,97,2629,343,3,36,3,9,1,2
FSH24,female,55,part_time,53869,South Korea,104,1305,2669,5,32,3,3,2,3
NMP82,female,42,self_employed,11199,Ukraine,101,828,3218,4,19,3,7,4,3
IGX12,male,85,self_employed,107909,South Africa,102,1728,1229,4,44,3,9,2,3
PKO14,female,66,self_employed,116991,Colombia,84,2459,1331,5,42,5,6,5,5
OVS06,male,73,self_employed,73293,India,111,2154,3855,7,19,4,7,4,5
EFS71,male,32,part_time,78509,China,97,538,1030,7,79,3,8,3,5
SVM56,female,52,student,95501,Brazil,108,950,2319,3,57,2,3,4,3
QPJ59,female,80,student,108712,Philippines,94,1245,1499,7,21,3,8,4,3
VLL43,female,34,part_time,105348,New Zealand,129,1421,2396,5,75,3,8,2,5
KFH00,female,74,self_employed,63089,Colombia,129,2693,1381,3,23,5,5,5,4
JHT32,male,52,student,98454,Ukraine,116,1876,3290,5,65,2,6,4,3
IED57,male,69,unemployed,65127,Peru,99,2663,3796,4,23,5,6,4,3
QUD27,male,51,student,107110,Ireland,94,1297,1233,6,54,2,1,3,4
EYR71,male,52,full_time,66020,South Africa,87,1627,3056,5,26,3,4,3,4
CVE54,male,55,self_employed,29839,Nigeria,96,1314,256,5,52,2,6,5,5
MOQ08,male,88,student,69586,Russian Federation,78,1623,2241,2,74,1,4,4,2
CAO53,male,45,unemployed,76024,France,117,2033,1758,6,72,5,10,4,3
NME75,female,80,full_time,110817,Poland,75,234,1469,1,55,2,10,2,1
QUO78,male,86,student,49568,Sweden,104,2655,1061,5,58,5,7,4,4
GCK89,male,76,part_time,83390,Turkey,124,599,341,7,58,4,2,3,3
ODY83,female,80,student,26079,Austria,122,162,1776,5,48,5,5,4,5
JAP75,male,50,self_employed,28168,Ukraine,100,1157,2604,5,64,3,6,2,2
OCA39,female,52,part_time,48695,United States,105,1617,1323,5,76,3,5,5,3
VSP34,male,34,self_employed,22504,Peru,84,654,3136,7,67,4,3,3,5
HKP34,female,68,unemployed,37663,Belgium,106,483,1488,4,38,4,5,2,2
UTN12,male,50,unemployed,118269,Ireland,100,1215,3360,3,37,1,7,4,3
UGM67,male,74,part_time,20603,Vietnam,106,8,377,1,23,3,3,2,4
SBI10,female,64,part_time,121107,Australia,120,2772,141,6,44,4,5,4,2
XWM32,female,39,part_time,83395,Netherlands,90,65,2277,3,62,3,6,1,5
IRW76,female,56,full_time,78269,New Zealand,108,2381,3411,7,75,1,3,1,3
PXC50,male,59,self_employed,57192,Belgium,76,1678,213,3,35,4,1,2,3
GWA37,male,71,student,54918,Norway,105,1947,1166,6,76,4,2,3,2
PKJ56,male,62,part_time,89147,India,83,2115,3662,6,20,3,3,5,1
UWD88,male,33,part_time,76334,Ukraine,94,1243,2354,7,64,4,4,2,4
JFP91,male,24,part_time,27175,Australia,94,2045,3302,6,32,2,2,3,2
DZL25,female,73,part_time,103847,New Zealand,85,2695,3541,4,27,3,9,1,2
XOU46,female,72,self_employed,15597,Belgium,90,966,1753,1,31,3,7,3,1
SGH48,male,81,self_employed,60905,India,119,1816,3762,3,58,4,8,4,3
ION86,male,49,self_employed,115547,Ireland,95,74,2084,7,86,1,7,4,3
WLP12,male,41,student,14199,Singapore,125,2394,3653,3,58,2,6,2,3
EOU61,male,60,self_employed,114653,Ukraine,116,731,3591,6,22,1,7,4,5
VBL96,male,64,student,64035,Vietnam,80,2321,20,2,50,1,7,5,3
NFJ56,female,80,student,44958,Ireland,120,1287,2479,6,66,2,3,5,1
TKH16,female,73,self_employed,39794,Brazil,111,555,2908,2,55,1,5,5,2
PGB16,male,77,unemployed,91652,Austria,82,493,3861,6,43,2,5,4,4
VJY10,female,76,unemployed,66156,Peru,102,612,2799,4,32,5,4,5,1
HHQ61,female,81,unemployed,102412,Australia,119,707,76,5,27,1,9,4,5
QFP34,female,38,self_employed,91068,Pakistan,102,2569,121,7,33,4,6,3,2
BVI11,male,69,self_employed,108524,Spain,95,1801,3290,6,38,1,7,3,4
HIC37,male,36,self_employed,112306,Italy,102,400,1571,4,50,4,4,3,1
UEO43,female,27,unemployed,44573,Netherlands,106,2481,929,5,32,2,4,3,1
EDP41,male,47,self_employed,64666,New Zealand,93,176,690,5,32,5,6,3,3
TFM15,male,81,student,33111,India,78,1632,170,5,55,2,1,2,3
OOT48,female,32,self_employed,66521,Sweden,99,1290,424,4,86,4,3,2,4
NUB76,female,72,self_employed,16335,United Kingdom,96,813,2037,4,84,2,6,2,3
SGX48,female,87,student,66655,Chile,116,1320,151,3,73,1,4,5,4
QVI13,male,33,student,109352,France,107,1167,3047,4,33,3,1,3,3
MKM12,female,43,part_time,10027,Turkey,101,859,1958,1,30,4,5,3,3
BNT52,male,87,unemployed,39077,Italy,128,1206,1721,2,81,4,9,3,4
GDL63,male,41,full_time,119396,Indonesia,103,203,602,2,51,1,4,4,4
ECU06,female,78,self_employed,20419,Australia,104,1754,1119,6,23,3,10,4,2
PBM85,female,57,part_time,93297,Chile,90,1752,523,1,64,2,2,1,4
LMV27,male,68,self_employed,53260,Ireland,95,350,3233,2,35,5,1,5,5
IBK86,male,23,part_time,61050,Russian Federation,104,1088,900,4,52,5,6,3,4
GRN44,male,52,student,101129,Mexico,103,2503,3572,4,77,2,8,4,4
SMP78,female,68,student,67228,Colombia,107,1858,3025,4,29,3,2,3,2
URR71,female,80,student,37354,Canada,104,811,3355,6,51,4,4,2,3
LIU33,female,60,self_employed,59320,Pakistan,99,2487,842,6,37,2,4,2,2
SJQ12,female,33,unemployed,23176,Austria,104,790,3508,6,55,1,6,3,2
TBE15,female,43,student,48638,Netherlands,74,2893,2472,3,63,5,5,2,2
KTG64,male,84,self_employed,56567,New Zealand,88,686,2913,2,19,4,4,2,1
NGV14,male,67,part_time,49736,Colombia,96,1681,1095,3,76,1,2,3,2
ADG80,male,84,self_employed,57131,Costa Rica,98,946,1099,4,23,5,4,3,2
JSG76,female,32,self_employed,101782,Russian Federation,97,1930,1147,1,33,1,5,3,2
IVP40,female,31,full_time,75419,United States,89,1472,908,1,38,2,4,2,2
RGO18,female,37,unemployed,29273,Canada,105,1484,2714,6,59,1,4,5,2
UFG37,male,62,unemployed,122098,Germany,99,1725,1693,3,48,2,6,5,3
SCX34,female,21,part_time,64732,Colombia,97,2230,1839,5,41,1,10,2,2
KQN32,female,33,self_employed,47428,India,102,1372,1800,3,71,3,9,3,2
RPM78,male,35,unemployed,28220,Turkey,99,98,1473,5,69,5,7,4,4
BJG25,female,48,self_employed,107431,India,101,1209,315,5,19,2,5,1,2
OOT15,female,64,part_time,33821,Colombia,112,360,943,5,50,5,9,3,3
YCO01,male,29,part_time,44437,Canada,91,2,3848,4,52,4,3,2,2
CZR97,female,22,part_time,86250,Singapore,104,956,2907,2,49,4,4,4,3
ILF13,male,30,unemployed,116839,Belgium,108,2533,1423,4,25,4,6,4,2
SSY54,male,80,self_employed,95665,Ukraine,111,2023,1938,4,75,3,1,3,3
SMG83,female,61,full_time,14568,Poland,103,2339,1594,4,36,1,10,1,5
CSF18,male,67,part_time,109729,Peru,94,683,1911,4,34,3,3,2,2
VLC82,male,25,part_time,115712,Austria,123,2788,154,6,49,1,6,2,4
GFU25,male,73,student,116094,Costa Rica,95,1710,614,2,77,5,8,3,5
CVL02,male,49,self_employed,119791,Brazil,97,1578,3260,4,36,5,2,5,3
TEM17,female,78,unemployed,66928,Brazil,65,2383,440,3,45,2,7,4,3
WVP58,female,67,student,44673,Peru,103,1820,291,2,28,2,10,5,1
HSU36,male,19,self_employed,35303,Brazil,78,1283,3918,3,84,3,1,1,5
LPC70,male,63,self_employed,50917,New Zealand,97,210,2907,6,37,5,4,3,3
DVE74,female,27,student,67734,Peru,57,2115,3823,2,63,4,8,3,3
DZE78,female,78,part_time,104346,Netherlands,129,2149,2394,6,88,2,2,3,2
EFX54,male,72,student,105940,Mexico,91,2162,296,4,32,3,5,2,4
AZF03,male,82,student,103569,Pakistan,109,1997,1971,2,30,1,3,3,4
UPO25,male,37,part_time,40763,Sweden,111,1083,1027,2,78,4,1,5,3
FMH57,female,19,student,63065,New Zealand,86,133,2485,2,23,4,3,3,3
EIL53,female,87,full_time,90164,Belgium,100,2783,3220,2,58,4,2,3,1
YES11,male,79,part_time,52276,Norway,107,1812,3082,3,51,3,3,5,4
LPK92,male,57,part_time,81816,Vietnam,116,2084,877,7,47,2,7,1,4
CDD63,male,68,student,30447,Canada,96,874,1932,4,82,2,2,2,2
FQR03,male,26,self_employed,96495,Nigeria,83,2388,3671,4,50,2,9,4,3
WHJ35,male,52,part_time,74607,South Korea,92,2264,3170,7,39,4,9,2,2
HBU18,male,19,unemployed,28856,France,110,2396,49,1,74,2,3,3,2
UTN01,female,54,unemployed,29773,India,92,1031,1949,3,51,4,2,3,1
WTP44,female,69,part_time,51908,Ukraine,117,814,2413,6,42,4,9,1,2
WQQ45,male,61,part_time,76540,United Kingdom,116,2796,1717,1,26,4,7,4,4
IPE66,male,69,unemployed,41101,Germany,124,1795,1868,5,73,2,7,5,4
MEW78,female,57,self_employed,119692,New Zealand,116,1597,1224,1,75,4,8,2,3
BUQ48,male,71,self_employed,92230,Pakistan,121,1264,1946,5,80,1,3,4,2
GHP24,female,53,full_time,12092,China,108,2053,1265,4,82,4,1,3,4
HNX24,male,50,student,122481,Ireland,120,1303,3945,2,44,2,4,3,1
OUH77,female,79,part_time,87369,Belgium,94,336,1713,3,27,3,2,2,5
IUH25,female,72,part_time,34983,Austria,107,1630,2417,5,77,5,9,1,1
CZH95,male,75,student,113266,Austria,104,1605,1313,6,59,3,2,3,4
ERU78,female,42,self_employed,48676,Mexico,113,173,3454,6,43,1,4,4,1
ORU03,male,80,full_time,27218,China,114,1882,3991,3,83,2,2,2,4
WSU43,male,51,student,60677,Peru,102,1222,996,2,38,4,7,2,1
KKU44,female,39,full_time,86366,Philippines,107,2530,1795,4,21,5,9,4,2
XLF33,female,19,self_employed,98905,Australia,87,1958,2412,4,66,3,2,2,4
XTW48,male,79,part_time,99523,United States,112,573,3926,1,51,3,2,3,4
JDV13,male,44,part_time,103762,France,77,537,1067,6,82,2,6,5,4
XXU42,male,80,full_time,71804,India,106,1928,1575,5,78,2,2,3,4
ZPB12,male,21,full_time,92900,United Kingdom,95,494,625,7,33,2,4,3,2
XML78,male,62,part_time,20270,New Zealand,80,900,3048,7,54,4,1,2,4
HMU68,female,74,self_employed,69404,Costa Rica,111,2675,3498,4,37,3,10,2,3
CFG32,male,85,student,72076,Ireland,116,2608,81,3,47,2,5,5,3
HQJ98,male,81,student,66755,Pakistan,99,2910,2881,2,59,3,7,3,2
BVV62,male,70,self_employed,40512,Nigeria,119,897,3610,2,67,1,8,5,5
JNL40,female,51,self_employed,83577,Canada,95,1391,451,4,82,5,2,2,2
ROO35,male,54,self_employed,28912,Poland,101,2186,165,3,60,4,9,2,4
YCM56,female,69,student,96515,Italy,129,1086,3641,3,67,5,8,4,4
ZSJ06,male,88,full_time,11612,India,90,955,3144,4,66,1,6,5,5
IVX73,female,37,part_time,119364,Belgium,119,2786,3973,4,64,3,1,4,5
OCL25,male,41,student,22030,Germany,118,1226,904,6,19,2,5,3,1
WFY68,female,50,student,51810,Poland,97,1058,3744,6,27,4,8,4,5
VGP98,male,30,self_employed,27323,Chile,119,2142,707,3,76,4,5,5,2
IFJ71,female,49,full_time,17813,Spain,93,1057,1596,5,20,4,1,3,3
CWW64,female,79,part_time,75422,Poland,77,2688,1724,2,52,5,10,2,5
DTX31,male,23,student,22189,New Zealand,99,2284,442,4,58,2,6,2,2
VVN84,female,85,student,105153,Sweden,82,1884,3300,4,66,2,6,3,5
ZUU12,male,32,self_employed,72416,Colombia,94,1363,2251,4,43,3,6,4,4
UKB98,male,77,self_employed,51684,France,86,1232,1098,4,41,3,9,4,5
FEU86,female,69,student,84920,India,98,1498,36,3,24,3,6,3,3
ZJK55,female,66,unemployed,77412,United Kingdom,102,2111,1770,2,78,3,3,5,3
QWF87,male,34,part_time,108933,Pakistan,85,141,55,5,75,3,1,4,2
SCQ58,female,70,unemployed,74209,Singapore,111,31,1676,5,40,3,3,4,5
AWN26,male,81,full_time,67844,Colombia,83,2030,3635,1,76,4,7,3,3
UTR42,female,78,full_time,36490,Austria,98,983,3904,4,57,3,4,3,4
COO46,male,84,self_employed,44511,Netherlands,93,2266,226,2,50,3,7,4,4
VYN67,female,61,self_employed,51116,United States,112,2262,1106,3,34,4,7,4,3
DYV47,male,85,full_time,97835,Indonesia,88,2546,3115,3,69,2,7,4,4
NAC95,female,54,student,19956,Vietnam,104,2675,1397,3,51,2,9,5,2
QUG36,female,65,unemployed,112741,Ireland,117,701,64,7,56,2,10,5,1
RED36,female,31,unemployed,52991,India,97,2994,2203,2,45,1,4,5,2
RKC66,female,40,self_employed,78616,Pakistan,121,552,2237,4,80,3,9,3,3
PAO05,male,75,part_time,88034,Philippines,108,1737,2594,4,86,4,6,2,2
GSC08,male,26,self_employed,104109,Costa Rica,113,879,225,7,34,3,9,3,4
TSS65,female,53,student,109958,Ireland,113,1036,347,1,76,4,4,5,3
HPY43,male,87,self_employed,29035,Ukraine,103,981,3630,4,34,5,10,2,3
XQL31,female,23,self_employed,81531,Ireland,87,2498,1369,2,54,2,8,3,4
RUP02,male,31,part_time,106254,Pakistan,126,2127,173,5,75,2,8,3,2
BHN48,male,79,full_time,50879,Sweden,106,1629,2950,6,78,4,6,4,4
MUK66,female,67,self_employed,111504,Spain,90,621,1202,6,85,4,5,5,5
WTG26,male,85,self_employed,118446,Singapore,91,400,2405,2,32,2,2,3,3
CLD88,male,77,full_time,57909,Belgium,100,1989,3955,5,45,3,9,4,3
KQI42,female,46,part_time,80802,Peru,120,2241,3682,3,40,5,1,3,2
LSB17,male,62,student,104407,Netherlands,87,1025,582,4,44,4,6,5,2
TVA77,female,86,self_employed,26912,South Korea,87,2776,3349,7,67,3,8,3,4
YWD77,male,62,self_employed,52121,United Kingdom,113,443,1155,3,24,3,4,2,3
LNW72,female,22,student,27759,South Africa,122,410,3058,3,30,3,1,2,1
PFF51,female,40,part_time,73448,Poland,90,2906,3404,4,78,1,7,3,3
NET29,male,83,unemployed,54075,Italy,94,149,2451,3,25,2,8,2,4
MQE37,male,44,unemployed,88668,Italy,129,1732,2957,3,79,3,4,2,5
FLW65,female,28,self_employed,120056,France,119,1515,1426,2,69,1,9,4,3
IMP27,female,64,part_time,92976,South Korea,99,1838,1960,5,73,3,4,1,2
DTO54,male,39,part_time,15179,Germany,85,721,3163,1,54,2,9,3,2
QGM15,female,63,self_employed,121822,South Africa,114,916,1866,5,25,2,2,1,2
DNY82,female,67,part_time,92314,Norway,85,331,1443,3,21,3,1,3,4
YQA98,female,75,part_time,92195,Netherlands,112,63,751,2,43,4,4,2,5
FVM26,female,75,full_time,51695,Spain,103,2469,3906,1,71,4,5,3,3
EBV85,female,34,self_employed,70211,Canada,119,1324,1879,2,34,1,4,2,3
HCL52,female,27,part_time,119841,New Zealand,73,1106,1663,7,73,5,9,3,3
KES02,female,57,part_time,52183,Brazil,87,492,640,6,73,4,7,1,3
SHV92,male,36,student,57855,United Kingdom,97,1272,1103,7,27,3,6,1,3
JCL13,female,68,self_employed,85732,South Korea,96,2142,816,5,32,4,6,3,1
UZQ30,male,49,unemployed,44992,Ukraine,111,65,1161,6,43,2,9,1,3
ZTS31,male,69,unemployed,37035,Philippines,97,2715,68,3,35,3,2,3,2
PRX82,male,65,student,90991,Vietnam,96,1420,1801,1,26,2,3,2,3
GPM41,female,85,self_employed,115972,Philippines,112,2279,2534,7,68,2,1,3,4
RLL09,male,73,student,42878,Vietnam,106,1580,2942,4,65,4,2,3,4
NFF82,male,64,student,23444,Colombia,70,2835,1741,4,25,5,6,4,3
CVG58,female,87,full_time,38166,Netherlands,98,1266,1495,6,50,4,10,3,1
XMA23,female,44,full_time,110782,Brazil,93,2458,3342,3,86,4,7,2,4
HZT26,male,86,student,30410,France,95,1440,193,2,71,3,7,2,2
GWM92,male,67,self_employed,80486,Spain,101,659,1244,5,78,4,5,3,2
MCE47,female,53,unemployed,16224,Austria,94,1822,2825,2,30,1,9,4,4
BTO20,male,47,self_employed,121321,Peru,98,822,3453,5,76,5,7,2,5
VCY77,male,82,unemployed,73856,Sweden,72,81,1773,4,79,3,3,3,3
LVM36,female,75,student,55852,France,97,2727,3343,5,53,2,2,4,1
TLQ83,male,27,full_time,68309,Pakistan,108,338,3493,4,71,4,5,5,4
OTF00,male,24,part_time,108635,Australia,88,936,374,6,72,3,4,3,5
SLH31,female,66,student,32786,Indonesia,106,2219,1540,1,77,2,2,4,2
YLP33,male,24,student,49506,Vietnam,107,1428,763,6,26,2,2,2,2
IEK23,male,79,self_employed,115149,Mexico,105,2698,2502,3,40,3,4,3,5
KQQ39,male,77,part_time,47087,Ukraine,95,1620,3266,3,32,3,8,1,2
NDJ33,female,64,unemployed,108259,Peru,83,416,2431,5,86,4,1,3,5
EKT84,female,49,self_employed,109738,Australia,108,804,2430,5,85,3,8,1,3
GCD62,male,58,full_time,12441,Canada,113,704,3996,5,26,2,5,4,3
JWH61,female,81,full_time,117739,India,105,425,406,1,60,5,8,4,5
OYH52,male,39,unemployed,77440,Nigeria,111,859,3157,5,62,5,5,2,5
SLV38,male,53,unemployed,64984,India,106,2996,304,5,69,3,3,5,1
EEU23,female,65,student,47306,Ukraine,100,529,1536,7,30,1,8,5,4
WEQ95,female,34,unemployed,38609,Belgium,93,76,2592,3,48,1,9,5,2
LNE87,female,48,self_employed,87969,Sweden,93,559,1703,6,52,2,5,5,1
MCK85,female,54,self_employed,107750,Philippines,84,1582,2383,4,86,3,9,4,2
AJC57,male,52,full_time,114217,United Kingdom,101,1437,3987,4,44,2,9,3,4
FWN41,female,24,self_employed,53479,Germany,83,557,289,4,60,5,1,3,3
ITK94,female,19,part_time,88315,Netherlands,82,1269,1495,4,59,2,6,1,3
FRT26,male,72,part_time,99699,Poland,95,2058,3947,4,62,4,2,3,4
UVY46,female,72,full_time,82139,Philippines,91,2183,2643,6,43,5,6,5,1
XAS46,female,66,unemployed,26802,Nigeria,61,1290,2664,5,80,4,8,2,2
AXE04,male,53,self_employed,113891,Ireland,88,955,864,6,37,2,5,5,4
VDF63,male,28,part_time,10883,Italy,115,2153,852,5,44,1,6,2,2
EPT33,male,68,part_time,18288,China,112,1915,2091,1,52,1,3,3,1
TRW13,female,24,student,90766,South Korea,83,822,1053,7,72,1,4,4,5
LIR19,female,32,part_time,117367,Canada,125,1106,3333,3,83,2,8,4,2
MRV26,female,44,part_time,106049,Brazil,111,1070,1321,2,46,4,9,5,4
UQC17,male,83,part_time,106443,Chile,99,1049,3198,3,20,4,5,2,4
UWG55,male,46,student,60980,Norway,121,1426,954,1,87,3,9,2,2
SVZ68,female,73,student,32001,Nigeria,90,1547,2481,5,48,4,7,1,4
VGX75,male,41,self_employed,82200,Ukraine,95,1719,628,6,51,4,8,2,2
XUS47,male,77,self_employed,96318,Vietnam,102,1434,737,3,80,5,5,2,2
SQY13,male,53,student,66338,Turkey,79,1491,3401,2,27,3,8,3,4
GXP61,female,78,self_employed,117294,Ireland,73,1643,2799,4,36,3,9,4,3
YTV29,male,47,self_employed,88083,Spain,115,495,407,4,83,3,8,3,3
SUE86,female,69,student,61544,New Zealand,82,255,756,6,79,4,4,2,3
WJN42,female,40,unemployed,27904,Turkey,93,2575,2647,6,21,3,4,2,3
IGR11,female,42,student,121703,Philippines,130,2576,2482,6,88,5,1,2,5
HKH97,male,61,unemployed,120808,Vietnam,87,2403,1356,3,44,5,4,3,4
YWG57,female,56,unemployed,54719,China,113,2877,278,5,20,1,4,4,1
OTL21,female,83,unemployed,32153,South Africa,102,2790,3957,5,67,1,8,1,2
SUI52,male,71,student,49589,Costa Rica,114,2156,2964,2,72,1,8,5,4
GTT68,male,32,unemployed,39227,Germany,120,2778,3865,7,26,5,9,4,3
RBF26,male,73,part_time,93850,Ireland,104,844,1207,7,55,4,4,4,1
WEO94,female,83,part_time,26547,Chile,90,78,2535,1,87,1,7,5,4
MDH47,female,65,self_employed,65079,Belgium,87,584,3073,7,78,5,8,3,3
NNY33,male,20,student,68197,Canada,94,2722,2102,5,84,2,8,1,3
AGU56,male,26,self_employed,83264,Chile,97,1875,1309,5,26,3,4,2,2
KCK65,male,74,unemployed,71758,Colombia,96,2396,1360,2,26,3,9,2,1
MXP59,male,30,part_time,42643,Ireland,93,1985,974,5,60,2,9,3,3
USI29,female,47,student,110410,Philippines,97,1545,3216,5,24,2,4,2,2
WYC36,male,80,student,42027,Australia,94,627,3119,7,63,4,4,1,4
PQH35,female,80,full_time,62284,Philippines,83,2393,2239,2,62,4,9,2,4
LJU45,female,87,part_time,63450,Philippines,96,1487,2344,3,62,4,8,5,5
KXI41,male,65,full_time,23663,Australia,84,1184,2125,1,57,2,8,3,3
IGE22,female,35,self_employed,81895,Colombia,104,1707,260,6,56,2,2,3,4
FMZ76,male,73,self_employed,16474,Germany,110,2249,692,5,31,5,4,4,3
UKM56,male,44,part_time,60182,Italy,75,485,3714,6,45,2,3,2,4
PMO21,female,72,self_employed,75345,Australia,119,1971,779,7,22,2,5,5,5
WKG81,male,71,part_time,94455,United States,102,2310,3933,6,67,1,6,3,3
MOM81,male,40,unemployed,105589,Germany,100,827,3335,4,68,2,8,4,4
HBQ50,female,84,student,50615,South Korea,105,1128,808,5,55,4,5,2,3
TRF78,male,84,full_time,47997,Brazil,110,1532,593,2,20,2,2,4,4
XFV04,female,59,student,53745,Turkey,82,2294,3838,3,26,1,4,4,4
ONH83,female,72,full_time,112175,China,100,1739,2866,2,69,3,7,2,1
YPG79,female,20,part_time,55269,Austria,104,2061,1949,6,66,3,5,2,3
HOV54,male,46,unemployed,94872,Poland,95,1746,1056,6,82,4,3,2,2
GJG34,male,54,unemployed,100264,China,109,33,2723,3,38,3,1,4,3
VQL46,male,71,part_time,20217,Germany,100,2422,771,5,20,4,3,2,2
ORV41,male,77,student,92521,France,111,1904,396,3,63,5,10,4,5
BLT84,female,68,student,78166,Brazil,113,1687,2827,6,54,3,9,3,2
CPM02,female,77,student,53818,Belgium,129,1703,344,1,70,4,3,2,4
EKN15,female,81,self_employed,51980,Nigeria,99,395,1915,5,59,2,3,3,2
CGD46,male,82,part_time,54405,Australia,107,2256,3639,1,20,5,5,4,2
CFV66,female,84,unemployed,30576,Canada,103,2451,2504,3,54,2,2,2,3
QUE65,male,70,unemployed,51941,Poland,117,2126,1778,7,45,3,10,2,4
TFN18,male,55,unemployed,24271,Indonesia,74,888,2293,6,25,1,2,3,4
HXP36,female,20,student,25829,Peru,81,915,1606,6,35,2,5,4,1
WHM92,male,50,full_time,42728,Australia,127,770,3488,2,18,2,1,5,2
BGP80,female,69,unemployed,45819,France,116,2195,2824,5,78,1,9,2,2
RJK51,female,55,student,109521,Australia,85,1880,313,7,27,2,9,1,3
HMI66,male,50,self_employed,48407,Norway,95,2883,1453,5,33,3,4,5,3
UMW64,female,49,student,93256,Ukraine,99,480,960,1,43,2,7,2,5
UMZ14,male,72,student,122537,Australia,84,1386,844,4,62,1,2,1,1
VJM32,male,64,part_time,15246,Sweden,72,742,1405,3,72,4,7,2,5
WSX33,male,46,unemployed,82630,Belgium,88,767,1642,2,55,2,2,2,4
FPC75,male,85,student,88927,Philippines,114,444,2645,6,29,4,5,2,4
JDZ62,male,87,student,104392,Singapore,102,1507,2655,5,81,3,3,4,3
OTS41,male,42,student,24428,United Kingdom,78,772,3107,2,39,3,2,3,1
CEQ73,female,83,self_employed,41028,Netherlands,82,415,3283,5,24,3,8,1,3
BBE81,female,19,part_time,103723,Peru,95,2790,2720,5,49,2,8,2,3
RTN81,male,39,self_employed,66654,Netherlands,107,1211,321,6,67,4,10,3,2
NLB97,male,26,part_time,35959,Pakistan,94,225,2587,2,51,4,7,3,4
CXY94,male,68,unemployed,77343,Mexico,97,2795,3349,2,57,2,1,3,3
KQP67,female,51,student,114781,South Korea,99,538,2304,3,50,2,5,2,4
HQV21,female,39,part_time,19830,Austria,100,2556,1268,5,82,2,6,2,2
KWL87,female,87,unemployed,69545,Germany,112,1506,3699,6,66,3,5,4,2
LFD63,female,31,part_time,40937,Peru,101,91,2397,7,26,1,6,2,2
HSB50,female,43,self_employed,98908,Netherlands,110,2728,216,3,21,4,2,1,2
WSD38,female,87,self_employed,20639,South Korea,86,2627,3569,4,22,4,9,2,1
NXC08,male,83,self_employed,97967,Spain,97,2674,3623,5,55,2,2,4,5
GDP65,female,47,self_employed,82060,Ukraine,123,450,2921,6,39,2,8,5,4
DVU57,female,80,part_time,86681,Austria,128,379,2613,1,54,4,6,3,4
RDT38,female,79,full_time,41868,Poland,80,1203,3339,1,35,5,2,4,2
NNT90,male,71,part_time,106585,United States,102,115,2203,3,87,2,9,2,5
DXT20,male,39,student,110151,Singapore,91,2155,1890,4,83,4,3,2,4
MRF22,female,85,part_time,71641,Philippines,105,1998,2720,5,78,3,3,3,3
KNK76,female,74,self_employed,35486,Ukraine,105,2457,396,7,84,1,4,2,2
JDR43,female,25,part_time,81328,Indonesia,86,2194,3580,5,71,3,4,5,2
LYV53,male,35,part_time,41859,Russian Federation,93,1862,3282,4,55,3,6,5,2
NKZ72,male,85,student,78229,Pakistan,94,1275,2070,7,50,4,7,2,5
HQR30,female,71,full_time,108953,Ireland,107,2773,2758,1,73,3,2,5,3
XBM47,female,44,student,15246,Russian Federation,125,355,2389,3,88,1,8,2,2
LDX26,male,23,full_time,15934,China,99,1789,15,4,18,4,4,2,5
FOZ84,female,39,full_time,79175,France,86,831,2704,1,38,2,5,4,2
RKL52,male,87,student,22404,Canada,75,2647,2917,6,22,4,8,3,3
TKS71,female,55,self_employed,25224,Italy,76,2583,1994,6,37,2,5,4,4
GQJ65,female,53,student,43433,Australia,102,2217,3049,3,44,1,2,5,3
EUU54,male,82,unemployed,60962,South Africa,89,2177,3575,7,37,5,9,4,3
QVT12,male,39,part_time,55617,Poland,89,2105,2430,4,46,2,4,3,5
RJC57,female,20,self_employed,93293,Russian Federation,90,1211,3239,2,22,4,5,3,4
WGF42,female,84,part_time,34331,Ukraine,84,1255,2240,6,49,3,9,3,3
TSU52,female,65,part_time,88761,Netherlands,96,1233,2897,4,87,2,6,1,4
HNF88,female,25,student,58047,Spain,118,600,800,3,49,5,5,2,1
OWS11,male,70,full_time,57137,South Korea,113,539,2616,6,66,2,7,2,1
FAO07,female,79,student,11468,Costa Rica,98,254,267,7,74,4,9,2,2
MQH79,male,26,self_employed,44600,Brazil,101,895,469,4,28,2,2,4,1
TIL62,male,70,unemployed,119379,Germany,91,48,2461,1,45,4,3,2,4
FEK87,male,46,student,21435,Sweden,91,2854,1239,4,83,4,6,5,3
TXP82,female,61,student,121656,France,95,1183,2806,4,54,4,7,2,3
PIN38,female,69,student,83711,Austria,124,805,568,3,33,3,4,1,2
TJW63,male,76,self_employed,54645,Nigeria,105,610,433,2,62,1,6,5,2
HKD96,male,54,student,54675,Philippines,108,16,686,3,76,4,9,4,1
BYU51,male,33,part_time,48127,Netherlands,78,1472,1485,3,51,4,6,4,2
XET85,male,49,student,108603,Pakistan,115,2924,1154,6,67,5,6,4,5
WTY54,female,64,unemployed,30246,Vietnam,104,1067,3769,3,23,2,3,2,4
UCR34,female,25,self_employed,106814,Sweden,115,75,1591,5,33,2,7,1,2
HMA72,male,21,unemployed,47700,Poland,108,2906,3404,5,48,5,4,5,2
JIS84,female,27,full_time,68687,Australia,124,1525,3769,2,34,5,7,2,4
ODS83,male,28,full_time,82435,Colombia,99,266,986,4,62,3,7,2,2
DNH66,female,61,part_time,57473,Ukraine,91,859,728,4,65,3,3,3,4
JCB64,male,71,part_time,75589,New Zealand,102,1591,3804,4,74,1,5,3,2
OOD67,male,67,full_time,23905,India,103,774,781,6,44,3,1,3,5
NXM28,female,30,self_employed,19446,Nigeria,86,492,1275,1,75,2,7,4,2
NNF55,female,78,self_employed,36018,Germany,91,1900,2010,6,25,4,7,2,1
HNV35,female,59,student,82273,Chile,98,355,3681,3,46,2,7,4,3
XSZ57,male,27,self_employed,76408,South Africa,99,856,3602,5,50,2,2,1,4
PJA33,female,44,self_employed,35827,United States,96,602,252,3,76,4,3,2,1
KSP78,male,55,self_employed,102847,Sweden,94,924,3394,1,28,5,9,5,5
GNT52,male,58,full_time,20703,New Zealand,93,2601,2187,4,39,3,9,3,3
PTJ80,male,83,unemployed,34945,India,96,235,1142,6,55,4,3,5,2
EFH84,female,68,self_employed,18555,Russian Federation,106,1052,3006,2,47,3,10,3,4
DFN67,male,36,unemployed,18909,Nigeria,92,1886,509,4,71,4,5,2,1
JJB54,male,87,part_time,25508,Poland,118,2220,1552,5,19,4,7,1,4
JNU61,female,48,part_time,114523,Poland,88,2901,3538,4,25,3,9,3,4
BSP85,male,69,part_time,108490,Brazil,99,1990,2893,1,34,2,9,4,2
CML99,female,83,student,49790,India,99,1813,451,4,46,1,1,5,2
YIB11,male,58,self_employed,39037,Singapore,93,462,633,5,88,5,5,2,3
DUC47,female,24,student,65892,Vietnam,100,1211,990,6,19,2,9,3,4
FGE12,male,19,full_time,123118,China,65,1121,3358,7,32,5,6,2,3
LEG40,female,23,self_employed,105437,Australia,120,2916,1225,2,62,3,8,4,5
HSM54,female,55,self_employed,112754,Pakistan,95,2288,1216,2,41,1,8,3,2
HTU83,female,19,self_employed,72109,Belgium,118,1896,2210,6,23,3,7,4,4
IAW72,male,63,student,69178,China,74,1809,242,1,80,3,8,1,4
WMO60,male,40,student,62200,South Africa,76,1486,3170,3,69,3,8,3,2
AZE14,male,69,self_employed,94464,Nigeria,97,727,1830,5,30,5,5,3,4
CAW66,female,22,part_time,72678,Nigeria,116,36,830,4,87,2,9,5,2
GLW85,female,67,unemployed,77666,Indonesia,95,1316,1193,2,42,2,9,3,5
KVO53,female,54,student,123315,Mexico,105,956,2222,2,87,3,4,3,4
KXM98,male,34,unemployed,66881,Nigeria,98,838,2497,2,30,2,9,2,3
PHA15,male,72,part_time,80353,Costa Rica,85,2957,1805,5,42,1,2,5,2
PWT43,female,76,part_time,78726,Singapore,92,1610,3341,5,33,2,3,4,2
ROH54,female,75,student,31485,Spain,96,2736,765,1,85,2,3,3,3
JTT22,female,38,student,123934,Pakistan,88,214,644,5,84,3,7,1,4
QQN00,female,27,self_employed,34828,United Kingdom,112,475,419,6,36,4,4,4,3
OZD65,male,33,student,119598,Russian Federation,95,118,2801,6,60,3,9,3,4
OKM25,female,23,full_time,111725,France,90,626,490,7,62,5,7,1,4
PZV15,female,75,self_employed,97315,New Zealand,116,1558,2201,3,63,4,3,2,4
SLY23,female,33,part_time,25328,Peru,122,630,3995,5,78,2,10,2,3
TQW73,male,76,full_time,36837,Sweden,84,1916,2423,3,65,4,10,5,3
CQW15,male,69,unemployed,35928,South Korea,96,2146,2040,5,27,1,7,3,3
FLH75,male,71,student,52396,Italy,104,2590,2052,2,39,2,4,4,1
XKD04,female,58,full_time,16452,Philippines,82,940,1216,6,87,4,9,1,1
VKU88,male,43,self_employed,91376,Turkey,114,1359,2729,6,31,2,7,2,1
WSM24,male,70,student,27887,India,92,1013,3407,2,52,2,8,3,1
BNV76,female,51,self_employed,103442,India,113,2725,2419,2,52,3,4,5,3
QGU22,male,37,full_time,77800,Germany,109,1377,206,1,59,5,2,1,1
GGG00,male,49,student,120798,Indonesia,90,817,3725,4,21,3,5,2,2
NCT31,male,72,student,32040,Spain,92,945,2952,3,57,1,8,5,2
OYG07,male,24,self_employed,28433,South Korea,102,1957,2441,7,48,3,3,3,4
UUO27,male,60,part_time,93375,South Africa,113,971,3367,5,71,5,1,2,3
UIN12,female,68,full_time,119642,Singapore,97,1115,1527,3,40,2,9,4,1
TYD14,female,84,student,81083,Spain,93,2950,2485,7,22,4,3,3,4
ICZ66,female,87,full_time,92580,South Korea,81,2483,2380,2,71,1,5,4,4
NBD80,female,35,self_employed,33658,Spain,96,2086,1818,6,47,3,4,4,2
IVB04,female,20,student,71611,South Africa,109,524,432,5,75,3,10,2,2
OCF33,male,40,student,91641,South Africa,105,630,2510,1,61,1,1,4,1
JCC25,female,66,unemployed,96774,Ireland,103,2205,3839,7,56,5,7,3,4
PQT27,female,26,student,76583,Chile,101,570,336,1,41,5,8,3,1
LIS63,male,60,student,19069,China,111,1029,2416,1,18,2,2,3,3
KDN42,male,72,full_time,95090,Australia,107,1386,1869,3,47,2,9,2,3
LWJ73,male,65,student,14457,Austria,108,305,2881,6,70,1,5,3,1
MNC56,female,32,self_employed,69952,Colombia,87,454,2295,6,68,4,3,3,4
PPL84,male,46,student,22206,Spain,115,459,552,2,70,3,1,3,2
DSS21,male,41,self_employed,38913,United Kingdom,84,2430,265,3,81,3,2,1,4
ZLB34,male,76,unemployed,94152,Italy,108,1737,1857,5,32,4,6,4,4
WBW86,female,18,part_time,23912,United Kingdom,89,593,2211,4,32,2,7,4,3
IXC39,female,34,student,43938,Nigeria,119,34,3657,3,37,1,5,3,4
VRW32,female,54,self_employed,64265,Colombia,74,2708,3734,6,76,2,3,3,2
KYG47,male,46,full_time,52918,Australia,131,1880,961,6,31,3,6,4,1
XIH27,female,31,part_time,12245,China,99,2172,1031,2,26,3,3,4,2
BYG57,male,53,unemployed,55249,France,90,2905,1898,4,58,2,3,1,2
NKN73,female,79,student,71599,India,106,188,325,2,48,4,5,3,2
LMI47,male,79,self_employed,26213,Costa Rica,101,1847,2417,3,78,4,5,2,3
ZDW25,female,68,unemployed,37685,Vietnam,121,1775,2697,5,76,4,4,2,2
RVK18,female,31,self_employed,20285,Chile,119,2019,3054,6,78,3,1,2,2
QDB64,male,70,unemployed,97058,Turkey,91,2041,1870,4,78,3,6,4,2
CJB38,male,26,self_employed,120823,Nigeria,102,2888,2673,7,59,2,3,3,4
CPV24,female,58,part_time,102166,Mexico,91,840,660,3,24,2,4,2,2
RYK46,male,57,part_time,63108,Germany,90,1654,3622,7,39,5,3,4,1
NGO17,female,61,student,35957,France,113,1678,3414,7,69,4,3,1,5
NHR48,female,33,full_time,34314,Chile,108,461,553,4,19,4,2,1,3
LZC67,male,72,student,11163,Pakistan,94,505,273,4,86,1,2,2,5
JMF84,female,77,unemployed,43976,China,77,712,490,6,57,4,4,3,4
QIU32,male,61,part_time,28967,Nigeria,92,1893,3985,1,21,2,3,4,2
QHE69,female,81,part_time,33500,Turkey,103,590,1509,2,57,4,9,3,3
ROW58,female,42,full_time,119278,Chile,127,2206,1817,5,67,1,5,4,4
MXO83,female,71,self_employed,87771,Netherlands,102,1899,3157,4,38,2,9,2,1
LIQ73,male,40,unemployed,78550,China,107,2003,2626,7,77,4,2,2,2
EHU32,female,76,part_time,61969,Australia,89,2948,3956,7,74,2,2,2,2
RJG54,male,71,student,45399,Chile,80,2227,3447,2,82,3,3,1,1
WVX49,female,69,unemployed,113376,Mexico,92,166,922,3,87,1,4,4,4
IKH57,male,19,self_employed,93665,Pakistan,87,1093,3266,4,30,2,9,2,3
YVN60,male,47,student,57500,Costa Rica,97,670,1042,4,30,2,2,2,2
WQB81,female,86,part_time,53926,Philippines,91,830,3923,3,51,1,9,3,5
YNI72,female,67,self_employed,63623,Sweden,126,1020,1591,4,19,2,5,5,5
FGS24,female,36,part_time,90743,South Korea,115,144,3869,3,27,3,1,5,5
PTO71,female,65,self_employed,61020,Mexico,131,443,3484,3,29,3,5,5,2
PYK81,female,67,part_time,108711,Vietnam,83,17,1763,5,28,4,7,2,2
SXV31,female,53,unemployed,22213,France,112,2793,2866,4,20,4,4,2,3
FSS47,male,53,full_time,79134,France,79,809,3017,5,27,2,4,3,4
GCB27,female,46,student,49635,Colombia,86,2105,1969,7,72,4,8,1,5
OJD52,male,58,part_time,16055,Norway,87,2699,2888,4,58,5,3,1,2
STL64,female,22,student,54945,Ireland,105,19,1462,6,44,2,6,2,4
CJJ77,female,32,part_time,82758,Indonesia,81,108,3822,2,34,3,3,3,2
DUS17,male,86,part_time,112816,Costa Rica,95,1894,3269,4,18,3,2,4,5
KFO21,female,61,self_employed,24632,Peru,119,266,1128,4,80,3,7,5,2
ISX90,male,45,student,44726,Australia,93,2472,3411,6,52,3,9,1,5
XRL57,female,32,self_employed,36729,Spain,126,863,2691,6,46,4,9,2,3
LDO75,male,81,student,57522,Colombia,99,2550,316,3,53,1,7,3,1
YKD03,female,66,full_time,114863,Poland,101,543,2097,5,48,2,9,3,2
QXM57,male,74,part_time,92515,New Zealand,96,2513,3823,3,49,3,4,1,4
KWR81,female,72,part_time,14800,India,102,554,1213,2,86,3,7,2,3
APW27,male,52,part_time,68262,China,123,171,1508,5,26,5,7,2,2
JID76,female,26,self_employed,105226,Peru,100,1454,2601,4,38,3,4,1,4
KGB35,female,60,student,84668,India,98,1942,1268,2,42,3,3,4,5
LUS27,male,72,self_employed,39026,South Africa,110,1678,3896,5,28,2,9,2,3
WPV77,male,68,self_employed,64682,Mexico,108,1089,1801,3,32,2,6,3,3
FRQ37,male,70,full_time,65050,New Zealand,104,2495,3032,5,48,4,2,3,4
UDS57,male,57,unemployed,32110,Canada,93,480,2682,5,47,2,3,1,1
JGP06,male,64,full_time,29349,France,103,942,922,1,48,2,7,4,5
TNV05,male,63,part_time,19646,Colombia,123,1359,1953,4,23,3,5,3,3
FUY13,male,18,part_time,17914,Ukraine,103,1701,3288,2,81,4,2,5,1
BSI27,female,75,student,49194,Australia,92,1649,3272,3,86,2,8,3,2
VJC21,female,67,unemployed,109285,Norway,86,1060,3019,7,64,2,6,4,4
RPE21,male,78,part_time,124184,Spain,96,55,2833,4,31,4,10,5,3
XYW55,male,60,student,56172,Indonesia,81,1445,3091,5,64,1,5,4,2
RYV77,male,47,self_employed,65701,Brazil,115,2656,1877,3,58,3,6,4,3
WPU11,male,55,self_employed,45261,Sweden,103,760,1436,4,38,2,9,2,1
HNH61,female,64,part_time,80155,Mexico,97,1595,763,4,26,3,9,3,1
PJX27,male,66,self_employed,14554,United Kingdom,93,1080,1702,6,73,4,5,5,4
LFM13,female,38,self_employed,95074,Australia,115,2807,3479,4,28,4,5,3,2
OIE66,male,72,student,102965,Singapore,96,1327,1327,4,69,4,9,3,2
ACI42,female,21,full_time,97155,Russian Federation,103,1053,871,6,21,2,9,3,2
NMU74,male,56,self_employed,109549,Peru,103,194,3713,7,74,4,6,5,2
QXX82,male,60,unemployed,57942,South Africa,91,1116,3556,5,29,2,7,5,1
JJG25,female,51,student,74991,Australia,104,2249,1759,7,86,1,5,5,4
XOV32,female,31,student,18537,Poland,95,1830,2670,7,20,2,8,4,1
VXN14,female,53,self_employed,67157,South Africa,106,567,3164,3,70,4,6,4,4
JUM28,male,63,student,88628,Colombia,87,217,2393,1,73,2,5,4,4
VUX72,female,55,self_employed,106192,Indonesia,85,2868,413,3,56,2,6,2,1
BKY81,male,49,part_time,119928,Peru,98,2133,717,6,79,4,8,3,4
JXZ77,male,36,part_time,39124,Netherlands,90,1454,1105,6,82,2,5,3,4
JAV14,male,43,full_time,89275,Germany,85,627,1765,1,20,2,4,2,2
AWI88,male,79,part_time,108178,New Zealand,91,2150,1063,6,28,4,9,3,5
YII35,female,55,self_employed,83616,Turkey,108,2636,1770,5,32,3,8,2,2
TZD21,male,32,part_time,41217,United Kingdom,113,291,139,4,40,2,7,3,4
RBG25,male,43,self_employed,18037,India,85,2526,996,2,35,2,2,1,3
FVV34,male,79,full_time,88260,China,118,325,1257,4,44,2,4,5,1
NBN35,male,78,full_time,94539,Peru,97,1953,3563,7,40,3,8,4,3
DPF31,male,87,unemployed,99058,Peru,110,1588,3755,1,19,4,4,3,2
QCO55,female,74,student,20316,Poland,99,527,2265,4,38,3,6,2,1
RQD72,female,59,self_employed,61503,Philippines,94,1185,1676,2,85,5,6,1,4
ZCG41,female,53,part_time,95982,Mexico,108,2280,2323,5,23,3,4,4,1
